{
  "view/View1.view.xml": 1692698207690,
  "model/models.js": 1691481446000,
  "manifest.json": 1693209910047,
  "controller/View1.controller.js": 1692795046997,
  "controller/App.controller.js": 1691481446000,
  "Component.js": 1692691486151,
  "Component-preload.js": 1693209910592,
  "model/models-dbg.js": 1691481446000,
  "controller/View1-dbg.controller.js": 1692795046997,
  "controller/App-dbg.controller.js": 1691481446000,
  "Component-dbg.js": 1692691486151,
  "i18n/i18n.properties": 1691481477000,
  "view/NewEntry.fragment.xml": 1692791650563,
  "view/App.view.xml": 1691481446000,
  "css/style.css": 1691481446000,
  "index.html": 1691481446000
}