{
  "model/models-dbg.js": 1691481446000,
  "model/models.js": 1691481446000,
  "manifest.json": 1692631035292,
  "controller/View1.controller.js": 1692627684024,
  "controller/App.controller.js": 1691481446000,
  "Component.js": 1691481446000,
  "Component-preload.js": 1692631035561,
  "i18n/i18n.properties": 1691481477000,
  "controller/View1-dbg.controller.js": 1692627684024,
  "controller/App-dbg.controller.js": 1691481446000,
  "Component-dbg.js": 1691481446000,
  "view/View1.view.xml": 1692630757415,
  "view/App.view.xml": 1691481446000,
  "css/style.css": 1691481446000,
  "index.html": 1691481446000
}